id,first-name,email,avatar,gender,Dob,address
295,Lynetta,lynetta.satterfield@email.com,https://robohash.org/cupiditatequosrerum.png?size=300x300&set=set1,Polygender,1958-12-13,Hassie Gardens1958-12-13672 Jacquelynn Flats
4376,Hilary,hilary.kuhlman@email.com,https://robohash.org/magnamexcepturieaque.png?size=300x300&set=set1,Male,1997-02-06,Jospeh Stream1997-02-068708 Jackson Expressway
6348,Reginald,reginald.schmidt@email.com,https://robohash.org/enimetnesciunt.png?size=300x300&set=set1,Genderfluid,1998-04-27,Klein Trafficway1998-04-279147 Hintz Mission
6707,Tori,tori.hayes@email.com,https://robohash.org/iuredelectusmagnam.png?size=300x300&set=set1,Male,1969-05-20,John Parks1969-05-20782 O'Reilly Lane
2062,Amy,amy.crooks@email.com,https://robohash.org/consecteturoccaecatinulla.png?size=300x300&set=set1,Agender,1994-03-20,McDermott Trail1994-03-20847 Lynch Walk
8174,Lacey,lacey.sporer@email.com,https://robohash.org/molestiaesuntquia.png?size=300x300&set=set1,Non-binary,2002-02-10,Herman Shoal2002-02-1026461 Lakin Passage
1860,Jon,jon.ankunding@email.com,https://robohash.org/utautut.png?size=300x300&set=set1,Genderfluid,1984-04-28,Livia Key1984-04-284275 Conroy Fork
5106,Sid,sid.raynor@email.com,https://robohash.org/eosatquequos.png?size=300x300&set=set1,Polygender,1985-10-24,Harry Point1985-10-24501 Ankunding Mews
764,Darnell,darnell.schamberger@email.com,https://robohash.org/utcumest.png?size=300x300&set=set1,Genderqueer,1996-08-11,Alta Place1996-08-11672 Hoyt Mews
7671,Adan,adan.bednar@email.com,https://robohash.org/velitpariaturarchitecto.png?size=300x300&set=set1,Agender,1971-07-26,Lavern Lake1971-07-26550 Henriette Mountain
6037,Kerri,kerri.goyette@email.com,https://robohash.org/quisquamvelititaque.png?size=300x300&set=set1,Polygender,1968-04-13,Freddie Haven1968-04-1346670 Loriann Roads
2127,Irwin,irwin.bashirian@email.com,https://robohash.org/ullamdoloresquia.png?size=300x300&set=set1,Genderfluid,1992-11-05,Coy Plain1992-11-05415 Reginia Hill
4408,Darron,darron.kohler@email.com,https://robohash.org/blanditiisnostrumrem.png?size=300x300&set=set1,Agender,2001-04-15,Robel Forge2001-04-156913 Nu Estate
8335,Lino,lino.daniel@email.com,https://robohash.org/explicabovoluptatemducimus.png?size=300x300&set=set1,Agender,1983-10-30,Steve Expressway1983-10-304284 Donnelly Wall
2216,Forest,forest.deckow@email.com,https://robohash.org/estdolorincidunt.png?size=300x300&set=set1,Genderfluid,1968-10-16,Ledner Ferry1968-10-16851 Fannie Alley
9366,Sol,sol.johnston@email.com,https://robohash.org/molestiasipsumlaborum.png?size=300x300&set=set1,Non-binary,1998-01-07,Kertzmann Lane1998-01-0786353 West Land
5836,Wonda,wonda.cormier@email.com,https://robohash.org/essequiaaut.png?size=300x300&set=set1,Non-binary,1994-07-25,Tran Valleys1994-07-2541965 Hoeger Cliff
3637,Guy,guy.bashirian@email.com,https://robohash.org/utiurepariatur.png?size=300x300&set=set1,Genderqueer,2003-02-19,Dibbert Inlet2003-02-19402 Chiquita Estates
3987,Mimi,mimi.bosco@email.com,https://robohash.org/quisquamassumendaaut.png?size=300x300&set=set1,Male,1993-03-21,Bernier Wall1993-03-2195179 Ray Cove
2192,Monnie,monnie.crooks@email.com,https://robohash.org/ideaad.png?size=300x300&set=set1,Agender,1985-02-06,McDermott Heights1985-02-067255 Pouros Knolls
229,Nolan,nolan.hagenes@email.com,https://robohash.org/doloribusidquis.png?size=300x300&set=set1,Genderqueer,1978-12-15,Walsh Road1978-12-154590 Botsford Turnpike
7088,Reynalda,reynalda.wisozk@email.com,https://robohash.org/errormolestiaequi.png?size=300x300&set=set1,Female,1987-08-28,Hugh Parkway1987-08-28841 Turcotte Lock
5338,Ashlyn,ashlyn.dickens@email.com,https://robohash.org/ipsumfaceresaepe.png?size=300x300&set=set1,Agender,1979-06-04,Hills Haven1979-06-047625 Pollich Trail
698,Isa,isa.pacocha@email.com,https://robohash.org/officiisquiaet.png?size=300x300&set=set1,Polygender,1977-07-01,Heidi Wall1977-07-01497 Bradly Coves
1418,Anh,anh.brakus@email.com,https://robohash.org/sedautemratione.png?size=300x300&set=set1,Non-binary,2004-01-08,Kristopher Drive2004-01-0849270 Molly Cliffs
1268,Jasper,jasper.reinger@email.com,https://robohash.org/suntexpeditased.png?size=300x300&set=set1,Male,2003-06-12,Considine Fall2003-06-12748 Chaya Walks
9975,Russ,russ.lesch@email.com,https://robohash.org/itaqueetcorporis.png?size=300x300&set=set1,Agender,1981-09-25,Joanna Mall1981-09-257443 Prohaska Isle
3906,Mason,mason.kemmer@email.com,https://robohash.org/undemaioresnon.png?size=300x300&set=set1,Female,1966-12-06,Gibson Rue1966-12-06706 Verlie Courts
6339,Jody,jody.dibbert@email.com,https://robohash.org/delenitiipsumpossimus.png?size=300x300&set=set1,Genderfluid,1978-08-28,Lavern Lodge1978-08-28950 Watsica Crest
8429,Hershel,hershel.treutel@email.com,https://robohash.org/mollitialaudantiumenim.png?size=300x300&set=set1,Genderfluid,1969-05-09,Hyatt Forest1969-05-098979 Hegmann Way
9513,Omar,omar.herzog@email.com,https://robohash.org/undeetoptio.png?size=300x300&set=set1,Genderqueer,1998-01-27,Halvorson Mount1998-01-276267 Kunze Knolls
8334,Jason,jason.corwin@email.com,https://robohash.org/quisomnissed.png?size=300x300&set=set1,Non-binary,1972-06-24,Shonna Drives1972-06-2423586 King Garden
3142,Lawrence,lawrence.cremin@email.com,https://robohash.org/delectusducimusdoloribus.png?size=300x300&set=set1,Female,1974-10-14,Deon Light1974-10-149995 Herma Locks
5449,Olen,olen.osinski@email.com,https://robohash.org/etaccusamusest.png?size=300x300&set=set1,Bigender,1990-01-13,Breitenberg Course1990-01-138831 Dallas Stravenue
8131,Garth,garth.breitenberg@email.com,https://robohash.org/nonestipsa.png?size=300x300&set=set1,Non-binary,1971-12-27,Herzog Pine1971-12-2753350 Andrea Glens
2229,Elisha,elisha.raynor@email.com,https://robohash.org/assumendanamdolorum.png?size=300x300&set=set1,Female,1999-07-15,Graham Freeway1999-07-1544767 Jeanice Loop
6256,Robert,robert.will@email.com,https://robohash.org/quissuscipitquae.png?size=300x300&set=set1,Polygender,1958-11-25,Lesch Corners1958-11-25668 Sanford Islands
6226,Letty,letty.homenick@email.com,https://robohash.org/quiaeosdolores.png?size=300x300&set=set1,Agender,2004-03-25,Yuette Via2004-03-25160 Linnea Hills
9401,Margherita,margherita.kertzmann@email.com,https://robohash.org/velipsamfacilis.png?size=300x300&set=set1,Non-binary,1974-09-05,Terry Vista1974-09-051868 Konopelski Pike
5472,Margery,margery.sawayn@email.com,https://robohash.org/voluptasmolestiaeaperiam.png?size=300x300&set=set1,Genderqueer,1967-06-25,Dino Rapid1967-06-252459 Cyrus Crossroad
9294,Faustino,faustino.renner@email.com,https://robohash.org/noninciduntipsum.png?size=300x300&set=set1,Male,1996-01-12,Floria Falls1996-01-1283487 Terrance Gardens
4975,Raymon,raymon.little@email.com,https://robohash.org/utquiaex.png?size=300x300&set=set1,Female,1986-07-24,Wade Highway1986-07-2411557 Schroeder Parks
1391,Milan,milan.hegmann@email.com,https://robohash.org/molestiaequispossimus.png?size=300x300&set=set1,Female,1996-05-08,Gusikowski Plains1996-05-086400 Hayes Island
3775,Stuart,stuart.friesen@email.com,https://robohash.org/magnipossimusalias.png?size=300x300&set=set1,Genderfluid,1988-04-18,Fisher Manor1988-04-1846762 Weissnat Village
993,Douglass,douglass.king@email.com,https://robohash.org/modieteveniet.png?size=300x300&set=set1,Non-binary,2004-08-10,Monahan Burgs2004-08-1040394 Rudolf Manor
2977,Vivian,vivian.bruen@email.com,https://robohash.org/omnisexercitationemiusto.png?size=300x300&set=set1,Non-binary,1975-01-07,Ophelia Trail1975-01-075693 Sam Avenue
4246,Rhoda,rhoda.cassin@email.com,https://robohash.org/suscipitnisimodi.png?size=300x300&set=set1,Polygender,1958-11-18,Alayna Row1958-11-18161 Rebbecca Village
1786,Irving,irving.stroman@email.com,https://robohash.org/quisnobisipsam.png?size=300x300&set=set1,Bigender,1988-05-30,Doyle Street1988-05-305258 Rowe Garden
226,Marlyn,marlyn.bauch@email.com,https://robohash.org/corporisatenetur.png?size=300x300&set=set1,Non-binary,1982-12-19,Shavon Motorway1982-12-1938050 Nathan Plaza
1064,Tiana,tiana.armstrong@email.com,https://robohash.org/pariaturrationeautem.png?size=300x300&set=set1,Female,1996-07-23,Carroll Valley1996-07-2331830 Herman Greens
8105,Kim,kim.wyman@email.com,https://robohash.org/voluptatemuteos.png?size=300x300&set=set1,Non-binary,1990-08-14,Williams Mills1990-08-143028 Ondricka Path
1356,Ashley,ashley.johnson@email.com,https://robohash.org/molestiassequiofficia.png?size=300x300&set=set1,Female,1960-06-30,Latasha Island1960-06-30248 Gay Point
5482,Roxann,roxann.lang@email.com,https://robohash.org/eoslaborumquidem.png?size=300x300&set=set1,Genderqueer,1967-06-16,Ruecker Knoll1967-06-164945 Sol Falls
8135,Luanne,luanne.greenholt@email.com,https://robohash.org/cumveniamquia.png?size=300x300&set=set1,Female,1997-05-01,Haley Plaza1997-05-014109 Ned Ridges
5221,Sherrill,sherrill.schaefer@email.com,https://robohash.org/exercitationemlaboriosamsint.png?size=300x300&set=set1,Polygender,1988-10-07,Steffanie Union1988-10-0710614 Abernathy Mountain
3628,Zulma,zulma.schroeder@email.com,https://robohash.org/sitperspiciatisomnis.png?size=300x300&set=set1,Polygender,1985-03-30,Noel Avenue1985-03-30374 Cummings Common
356,Deedra,deedra.wilkinson@email.com,https://robohash.org/rationevoluptasvelit.png?size=300x300&set=set1,Polygender,1963-09-18,Irma Lakes1963-09-1845527 Schulist Drive
786,Erasmo,erasmo.kunze@email.com,https://robohash.org/iustoessevoluptates.png?size=300x300&set=set1,Male,1962-09-04,Bethel Way1962-09-0467477 Lyndsey River
5459,Herma,herma.smith@email.com,https://robohash.org/etvoluptatemaccusamus.png?size=300x300&set=set1,Genderqueer,1991-11-01,Goyette Forks1991-11-01540 Lou Estate
6985,Walton,walton.bradtke@email.com,https://robohash.org/solutaquiaiste.png?size=300x300&set=set1,Polygender,1971-05-27,Ziemann Stravenue1971-05-2751234 Mosciski Estates
407,Julius,julius.dare@email.com,https://robohash.org/doloribusdistinctioreprehenderit.png?size=300x300&set=set1,Agender,1974-09-17,Amiee Harbors1974-09-17431 Haag River
566,Leia,leia.tromp@email.com,https://robohash.org/inestsint.png?size=300x300&set=set1,Genderfluid,1989-08-19,Rogahn Dale1989-08-1944281 Littel Ports
7393,Verona,verona.hauck@email.com,https://robohash.org/quisnostrumsequi.png?size=300x300&set=set1,Bigender,1970-11-27,Pagac Ranch1970-11-27427 Rath Divide
7595,Sigrid,sigrid.stehr@email.com,https://robohash.org/evenietutvitae.png?size=300x300&set=set1,Agender,1993-04-01,Walter Shore1993-04-016433 Ratke Mountains
8687,Chau,chau.koepp@email.com,https://robohash.org/doloresnemoconsequatur.png?size=300x300&set=set1,Genderqueer,2002-12-22,Monserrate Streets2002-12-225660 Johnson Crest
9706,Renate,renate.veum@email.com,https://robohash.org/occaecatinemoarchitecto.png?size=300x300&set=set1,Male,1989-04-11,Dewey Gateway1989-04-119031 Consuela Pines
1539,Rogelio,rogelio.marks@email.com,https://robohash.org/etbeataeet.png?size=300x300&set=set1,Genderfluid,1966-08-03,Williemae Heights1966-08-036211 Jacobs Roads
107,Erick,erick.thompson@email.com,https://robohash.org/laudantiumnemoomnis.png?size=300x300&set=set1,Genderfluid,2002-11-03,Dion Fort2002-11-03739 Feest Lakes
7211,Buck,buck.reilly@email.com,https://robohash.org/consequaturveritatisipsa.png?size=300x300&set=set1,Non-binary,1986-09-30,Hilma Club1986-09-3063150 Lauryn Shoal
6586,William,william.conroy@email.com,https://robohash.org/suntquisid.png?size=300x300&set=set1,Female,1994-06-18,Daria Views1994-06-185474 Timothy Garden
9459,Kevin,kevin.stiedemann@email.com,https://robohash.org/voluptasnisiquidem.png?size=300x300&set=set1,Agender,1960-06-18,Kemmer Forges1960-06-18918 Rempel Prairie
1234,Faustina,faustina.orn@email.com,https://robohash.org/idarchitectoodio.png?size=300x300&set=set1,Non-binary,1963-03-17,Jae Drives1963-03-1732131 Littel Hill
8932,Pasquale,pasquale.conroy@email.com,https://robohash.org/rembeataeet.png?size=300x300&set=set1,Bigender,1967-08-28,Athena Gateway1967-08-283967 Kuhn Inlet
1169,Myrtle,myrtle.stracke@email.com,https://robohash.org/commodieosvoluptatibus.png?size=300x300&set=set1,Non-binary,1996-02-23,Schinner Summit1996-02-2389933 Robby Ridge
1163,Corliss,corliss.vandervort@email.com,https://robohash.org/porroeosdignissimos.png?size=300x300&set=set1,Agender,1978-11-17,Roscoe Well1978-11-1795875 Sanford Field
1894,Adan,adan.conroy@email.com,https://robohash.org/estnullaaperiam.png?size=300x300&set=set1,Non-binary,1964-01-11,Libbie Knolls1964-01-115822 Meghan Unions
1312,Mirella,mirella.block@email.com,https://robohash.org/veritatislaborumdicta.png?size=300x300&set=set1,Male,1965-02-15,Schmeler Hills1965-02-1522449 Son Lodge
2657,Nancie,nancie.casper@email.com,https://robohash.org/exexercitationemad.png?size=300x300&set=set1,Genderfluid,1994-07-25,Gema Camp1994-07-25560 Rima Fields
9093,Devon,devon.steuber@email.com,https://robohash.org/quosautemdeleniti.png?size=300x300&set=set1,Genderqueer,2002-12-28,Nolan Field2002-12-2850357 Manual Centers
2372,Coleen,coleen.koepp@email.com,https://robohash.org/etdolorplaceat.png?size=300x300&set=set1,Male,1983-08-07,Donnell Stream1983-08-07958 Salley Burg
5825,Everett,everett.pouros@email.com,https://robohash.org/quisaepelaborum.png?size=300x300&set=set1,Non-binary,1978-10-15,Shenita Lane1978-10-1559455 Smitham Crest
1573,Pedro,pedro.gorczany@email.com,https://robohash.org/nihilsuntvoluptates.png?size=300x300&set=set1,Non-binary,1967-02-11,Rutherford Shoal1967-02-1174811 Conn Ville
5402,Celina,celina.bauch@email.com,https://robohash.org/reiciendisutrecusandae.png?size=300x300&set=set1,Polygender,1990-03-29,Grimes Prairie1990-03-293188 Hegmann Common
3573,Ji,ji.gorczany@email.com,https://robohash.org/adipisciblanditiisnemo.png?size=300x300&set=set1,Non-binary,1978-09-25,Darnell Mission1978-09-2577635 Luke Landing
2933,Tora,tora.keeling@email.com,https://robohash.org/fugiatvoluptateconsequatur.png?size=300x300&set=set1,Polygender,1981-04-12,Blair Dale1981-04-12721 Herman Groves
1279,Abraham,abraham.kuphal@email.com,https://robohash.org/explicaboipsamquis.png?size=300x300&set=set1,Male,1962-04-06,Wilkinson Villages1962-04-069102 Moshe Park
5177,Lael,lael.schulist@email.com,https://robohash.org/animiautet.png?size=300x300&set=set1,Male,1978-02-02,Moen Rapid1978-02-026102 Marlon Track
4255,Shalanda,shalanda.barrows@email.com,https://robohash.org/voluptatumexcepturiut.png?size=300x300&set=set1,Genderfluid,1997-11-29,Breitenberg Meadow1997-11-296591 Lang Crossroad
4035,Erik,erik.langosh@email.com,https://robohash.org/perspiciatislaboreatque.png?size=300x300&set=set1,Female,1967-07-02,Sherwood Hill1967-07-024533 Eddy Street
1579,Rodrigo,rodrigo.halvorson@email.com,https://robohash.org/inciduntmolestiasrerum.png?size=300x300&set=set1,Genderfluid,1988-09-07,Rona Valleys1988-09-07875 Paucek Pass
9027,Indira,indira.bergnaum@email.com,https://robohash.org/etdictacommodi.png?size=300x300&set=set1,Female,1971-11-13,Klocko Field1971-11-13116 Rosamaria Meadows
8070,Quinn,quinn.kihn@email.com,https://robohash.org/laudantiumutaperiam.png?size=300x300&set=set1,Bigender,1993-03-23,Howe Course1993-03-23220 Marks Road
5618,Howard,howard.doyle@email.com,https://robohash.org/eosrecusandaedoloremque.png?size=300x300&set=set1,Male,1991-05-11,Stoltenberg Garden1991-05-1165206 Austin Falls
5246,Melissa,melissa.boyer@email.com,https://robohash.org/idvelitvoluptatem.png?size=300x300&set=set1,Genderqueer,1992-09-22,Emmy Expressway1992-09-2238912 Lubowitz Court
235,Gabriela,gabriela.doyle@email.com,https://robohash.org/natusveniamlabore.png?size=300x300&set=set1,Genderfluid,1966-07-16,Lean Valley1966-07-16890 Anika Fork
2067,Trenton,trenton.kuhn@email.com,https://robohash.org/voluptasfugitdeleniti.png?size=300x300&set=set1,Polygender,1967-11-04,Vaughn Inlet1967-11-04305 Lorilee Springs
3819,Rhoda,rhoda.hickle@email.com,https://robohash.org/utasperioresaspernatur.png?size=300x300&set=set1,Female,1996-01-19,Prohaska Ridges1996-01-19166 Angel Inlet
8088,Loren,loren.lehner@email.com,https://robohash.org/sitveronon.png?size=300x300&set=set1,Genderqueer,1973-11-24,Domingo Unions1973-11-2462029 Bahringer Unions
480,Cecila,cecila.hilpert@email.com,https://robohash.org/consequaturmaioreslaboriosam.png?size=300x300&set=set1,Non-binary,1961-12-02,Schiller Crescent1961-12-022081 Twanna Heights
2796,Jenise,jenise.gottlieb@email.com,https://robohash.org/delenitisolutarerum.png?size=300x300&set=set1,Genderqueer,1973-03-28,Schuster Key1973-03-28954 Frank Estates
267,Annelle,annelle.dibbert@email.com,https://robohash.org/aspernaturutimpedit.png?size=300x300&set=set1,Genderfluid,1999-10-08,Kub Wall1999-10-08265 Treutel Lodge
5783,Lorena,lorena.king@email.com,https://robohash.org/velconsequatursit.png?size=300x300&set=set1,Male,1987-03-16,Leonor Meadows1987-03-1685004 Melida Club
6879,Elvira,elvira.auer@email.com,https://robohash.org/odiosintquidem.png?size=300x300&set=set1,Polygender,1958-08-22,Volkman Prairie1958-08-2250321 Le Plaza
1672,Ashlea,ashlea.kassulke@email.com,https://robohash.org/animiautemquo.png?size=300x300&set=set1,Non-binary,1998-04-29,Nienow Islands1998-04-2995338 Toy Hill
8240,Octavia,octavia.rohan@email.com,https://robohash.org/occaecatiquosquaerat.png?size=300x300&set=set1,Genderqueer,1978-11-14,Dooley Unions1978-11-147353 Fausto Isle
6746,Leigha,leigha.o'kon@email.com,https://robohash.org/molestiaepraesentiumeos.png?size=300x300&set=set1,Polygender,2000-03-05,Becky Gardens2000-03-05869 Bryce Crossing
3956,Deborah,deborah.vonrueden@email.com,https://robohash.org/estetut.png?size=300x300&set=set1,Genderfluid,1964-05-23,Karma Parkway1964-05-2378672 Reichel Tunnel
5064,Kyle,kyle.shanahan@email.com,https://robohash.org/quamoccaecatiaut.png?size=300x300&set=set1,Bigender,1959-10-16,Willms Passage1959-10-164814 Jakubowski Valley
1528,Myrtis,myrtis.grady@email.com,https://robohash.org/quiarerumvelit.png?size=300x300&set=set1,Male,1962-04-21,Emmett Summit1962-04-2120899 Elnora Shoals
1774,Gavin,gavin.grant@email.com,https://robohash.org/excepturiautdolor.png?size=300x300&set=set1,Male,1983-07-31,Margorie Falls1983-07-3137731 Hoeger Ford
5282,Brenna,brenna.hackett@email.com,https://robohash.org/totamestdolores.png?size=300x300&set=set1,Male,1967-02-13,Lincoln Inlet1967-02-13107 Wintheiser Square
2722,Loren,loren.douglas@email.com,https://robohash.org/etrerumquaerat.png?size=300x300&set=set1,Female,1959-10-06,Cristobal Estates1959-10-067763 Jeffrey Points
2747,Chelsie,chelsie.hodkiewicz@email.com,https://robohash.org/quiomnismagni.png?size=300x300&set=set1,Female,1963-03-06,Hae Mountain1963-03-0646626 Jefferson Camp
8275,Doyle,doyle.klein@email.com,https://robohash.org/quoinciduntnisi.png?size=300x300&set=set1,Male,1979-01-17,Refugio Forges1979-01-1734746 Royal Bridge
6080,Celena,celena.moore@email.com,https://robohash.org/distinctioetperspiciatis.png?size=300x300&set=set1,Polygender,2004-08-31,Oswaldo Valley2004-08-31376 Boyle Run
4043,Pat,pat.hettinger@email.com,https://robohash.org/distinctiomagnamhic.png?size=300x300&set=set1,Agender,1997-04-29,Lakin Pass1997-04-29556 Adrien Plains
8174,Cinda,cinda.gleason@email.com,https://robohash.org/atimpeditet.png?size=300x300&set=set1,Polygender,2002-09-16,Halley Park2002-09-16848 Franecki Pines
5486,Lamont,lamont.sanford@email.com,https://robohash.org/veniamistelaudantium.png?size=300x300&set=set1,Male,2000-04-06,Brekke Parkway2000-04-06459 Klocko Wells
9843,Titus,titus.rogahn@email.com,https://robohash.org/deseruntnumquamveniam.png?size=300x300&set=set1,Female,1959-11-01,Joanne Rest1959-11-015329 Kirlin Locks
7575,Louvenia,louvenia.cormier@email.com,https://robohash.org/quismolestiascorrupti.png?size=300x300&set=set1,Non-binary,1962-01-18,Cindy Tunnel1962-01-182720 Adan Crossing
7280,Charley,charley.metz@email.com,https://robohash.org/assumendadictaautem.png?size=300x300&set=set1,Polygender,1971-12-30,Keitha Shores1971-12-3059627 Tomeka Points
7324,Ranae,ranae.nitzsche@email.com,https://robohash.org/doloreundeblanditiis.png?size=300x300&set=set1,Genderfluid,1999-07-15,Dustin Pines1999-07-15401 Keebler Freeway
6541,Jenine,jenine.effertz@email.com,https://robohash.org/accusantiumvelut.png?size=300x300&set=set1,Genderfluid,1988-12-21,Christiansen Way1988-12-2155226 Emerson Court
6239,Dannielle,dannielle.jerde@email.com,https://robohash.org/utaliquameos.png?size=300x300&set=set1,Polygender,1999-08-04,Arnoldo Manors1999-08-0485138 Langosh Terrace
4579,Sherril,sherril.dibbert@email.com,https://robohash.org/estveniamlibero.png?size=300x300&set=set1,Male,1988-10-20,Hilpert Field1988-10-20297 Flatley Camp
691,Robby,robby.wintheiser@email.com,https://robohash.org/fugitperferendisreiciendis.png?size=300x300&set=set1,Female,1958-09-29,Gutmann Burg1958-09-298421 Welch Point
8429,Guillermina,guillermina.halvorson@email.com,https://robohash.org/etsedullam.png?size=300x300&set=set1,Agender,1980-07-21,Joyce Divide1980-07-214691 Cormier Views
4596,Alonso,alonso.borer@email.com,https://robohash.org/maioresblanditiisdolores.png?size=300x300&set=set1,Bigender,1970-09-03,Susan Valley1970-09-036314 King Island
1085,James,james.tremblay@email.com,https://robohash.org/eteiusquos.png?size=300x300&set=set1,Bigender,1997-10-04,Karry Drive1997-10-04543 Aleisha Lock
3330,Andre,andre.watsica@email.com,https://robohash.org/aliquididinventore.png?size=300x300&set=set1,Bigender,1985-06-11,Donnetta Road1985-06-1174578 Strosin Track
6733,Stephen,stephen.gleichner@email.com,https://robohash.org/autametdoloremque.png?size=300x300&set=set1,Bigender,1977-11-04,Wyman Dale1977-11-0417749 Thompson Manors
7868,Norberto,norberto.cronin@email.com,https://robohash.org/quiavoluptasaperiam.png?size=300x300&set=set1,Male,1995-10-29,Clementina Spurs1995-10-29890 Vanesa Center
9667,Tommy,tommy.willms@email.com,https://robohash.org/distinctiositquia.png?size=300x300&set=set1,Genderfluid,1977-11-13,Wolf Islands1977-11-13895 Swaniawski Run
4584,Bobbie,bobbie.klein@email.com,https://robohash.org/laudantiumfacereatque.png?size=300x300&set=set1,Polygender,1972-05-10,Maurice Throughway1972-05-1052603 Anton Turnpike
3134,Hermila,hermila.gutkowski@email.com,https://robohash.org/necessitatibusducimuseaque.png?size=300x300&set=set1,Male,1997-05-15,Hamill Stravenue1997-05-15335 Crona Spring
7711,Ferdinand,ferdinand.effertz@email.com,https://robohash.org/solutainaut.png?size=300x300&set=set1,Genderqueer,2000-09-20,Dickens Points2000-09-20673 Lauretta Mountain
1865,Shaquana,shaquana.schamberger@email.com,https://robohash.org/nemoautemsuscipit.png?size=300x300&set=set1,Non-binary,1981-08-01,Treutel Inlet1981-08-0129788 Caroll Turnpike
4113,Miquel,miquel.rempel@email.com,https://robohash.org/etvelitea.png?size=300x300&set=set1,Genderfluid,2002-10-13,Tyesha Mews2002-10-1350629 Boyer Track
4684,Blair,blair.emard@email.com,https://robohash.org/voluptatemesseaccusamus.png?size=300x300&set=set1,Non-binary,2001-12-12,Jeromy Rapid2001-12-1216754 Rempel Freeway
147,Diane,diane.hauck@email.com,https://robohash.org/minimasitet.png?size=300x300&set=set1,Male,1977-07-12,Alphonso Ridges1977-07-12850 Arnette Well
3370,Christian,christian.mante@email.com,https://robohash.org/saepeoditnulla.png?size=300x300&set=set1,Male,1966-11-06,Galen Stream1966-11-06229 Simon Island
1657,Elisha,elisha.schiller@email.com,https://robohash.org/esseoptioomnis.png?size=300x300&set=set1,Non-binary,1980-08-16,Jarrett Manors1980-08-163674 Francis Drive
7712,Letha,letha.schaefer@email.com,https://robohash.org/nemoutid.png?size=300x300&set=set1,Bigender,2004-10-10,Leatha Knolls2004-10-1044480 Kassandra Center
8081,Eduardo,eduardo.kautzer@email.com,https://robohash.org/autvelincidunt.png?size=300x300&set=set1,Bigender,1998-04-24,Rohan Tunnel1998-04-2479048 Friesen Falls
6423,Armando,armando.schaden@email.com,https://robohash.org/aliquamaliasex.png?size=300x300&set=set1,Female,1989-05-12,Keri Ferry1989-05-12953 Heller Ford
7737,Taunya,taunya.champlin@email.com,https://robohash.org/etnobisaperiam.png?size=300x300&set=set1,Genderfluid,1973-11-01,Deon Key1973-11-0111965 Berry Street
5990,Roselia,roselia.boehm@email.com,https://robohash.org/sitvoluptatedolorem.png?size=300x300&set=set1,Bigender,2002-08-24,Angeles Place2002-08-24421 Grady Spur
1790,Jesus,jesus.schmitt@email.com,https://robohash.org/quidemdeseruntquis.png?size=300x300&set=set1,Male,1994-09-20,Isaias Expressway1994-09-2035027 Sachiko Summit
472,Quincy,quincy.gorczany@email.com,https://robohash.org/abiurevitae.png?size=300x300&set=set1,Genderfluid,1964-06-04,Joanna Ville1964-06-04839 Denny Summit
8195,Floyd,floyd.corkery@email.com,https://robohash.org/voluptatemquisquamet.png?size=300x300&set=set1,Female,1975-09-04,Legros View1975-09-041929 Hand Stream
8532,Bernard,bernard.schultz@email.com,https://robohash.org/voluptatumomniset.png?size=300x300&set=set1,Genderqueer,2003-05-21,Berry Keys2003-05-21134 Block Valleys
4032,Leticia,leticia.mante@email.com,https://robohash.org/necessitatibuspraesentiumeligendi.png?size=300x300&set=set1,Agender,1969-01-30,Hartmann Walks1969-01-302693 Edythe Overpass
459,Yessenia,yessenia.vonrueden@email.com,https://robohash.org/estutsint.png?size=300x300&set=set1,Polygender,1996-07-16,Santana Hollow1996-07-169320 Nolan Hills
9925,Hosea,hosea.greenfelder@email.com,https://robohash.org/nonenimmolestias.png?size=300x300&set=set1,Agender,1980-01-05,Balistreri Course1980-01-0545446 Schmidt Cliffs
9893,Ernie,ernie.crona@email.com,https://robohash.org/suntautemlibero.png?size=300x300&set=set1,Non-binary,1980-09-16,Hank Mills1980-09-168602 Harrison Springs
9838,Theron,theron.mueller@email.com,https://robohash.org/rerumvitaequi.png?size=300x300&set=set1,Agender,1994-12-21,Herman Course1994-12-213340 Turner Roads
9384,Beth,beth.wiza@email.com,https://robohash.org/doloremqueexplicaborerum.png?size=300x300&set=set1,Agender,1975-07-15,Turner Court1975-07-158647 Casper Vista
1596,Cordia,cordia.hills@email.com,https://robohash.org/temporibusfugalaboriosam.png?size=300x300&set=set1,Male,1961-02-28,Cole View1961-02-28408 Chad Spur
5456,Sean,sean.becker@email.com,https://robohash.org/dolorumeiusoptio.png?size=300x300&set=set1,Non-binary,1976-04-14,Hahn Green1976-04-144932 Donella River
7291,Celinda,celinda.willms@email.com,https://robohash.org/delectusnulladignissimos.png?size=300x300&set=set1,Non-binary,1973-10-22,Bradley Plains1973-10-221302 Chi Mount
6555,Hermila,hermila.hudson@email.com,https://robohash.org/corporissaepequidem.png?size=300x300&set=set1,Polygender,2001-08-23,Gleason Highway2001-08-23882 Larson Summit
427,Anh,anh.boyle@email.com,https://robohash.org/fugiatinfugit.png?size=300x300&set=set1,Genderfluid,1990-04-12,Hunter Ports1990-04-124565 Davis Forges
2657,Kasey,kasey.bartoletti@email.com,https://robohash.org/praesentiumaccusantiumiste.png?size=300x300&set=set1,Female,1981-02-21,Cornell Plains1981-02-216530 Wilhelmina Mountain
2394,Shawnda,shawnda.kertzmann@email.com,https://robohash.org/mollitiavoluptatessunt.png?size=300x300&set=set1,Non-binary,1983-11-17,Keri Rapids1983-11-172840 Bryant Island
407,Jonas,jonas.wiegand@email.com,https://robohash.org/sedexplicabofacere.png?size=300x300&set=set1,Genderfluid,1976-06-29,Gislason Street1976-06-298782 Maria Turnpike
2748,Jeanelle,jeanelle.boyer@email.com,https://robohash.org/placeatautdistinctio.png?size=300x300&set=set1,Non-binary,1986-12-27,Nicky Roads1986-12-27687 Young Way
1724,Marcelle,marcelle.ledner@email.com,https://robohash.org/illumtemporarecusandae.png?size=300x300&set=set1,Genderqueer,1960-03-30,Luettgen Brook1960-03-301949 Meg Shores
5930,Willow,willow.bergstrom@email.com,https://robohash.org/fugiatipsumeos.png?size=300x300&set=set1,Male,1987-11-25,Florentino Brook1987-11-257988 Adam Camp
6190,Chau,chau.ryan@email.com,https://robohash.org/excupiditatecum.png?size=300x300&set=set1,Male,1963-09-28,Tremblay Field1963-09-28906 Wei Forks
9690,Kimberlee,kimberlee.hirthe@email.com,https://robohash.org/doloremveritatissunt.png?size=300x300&set=set1,Female,1958-06-10,Fritsch Common1958-06-10361 Thaddeus Fields
4123,Ross,ross.macgyver@email.com,https://robohash.org/isteomnisrerum.png?size=300x300&set=set1,Genderqueer,1991-04-13,Kenny Trail1991-04-1372029 Corwin Key
9550,Gordon,gordon.flatley@email.com,https://robohash.org/eaqueiustoofficiis.png?size=300x300&set=set1,Non-binary,1979-04-23,Kellye Park1979-04-2341332 Santo Wells
6870,Andre,andre.crooks@email.com,https://robohash.org/remplaceatut.png?size=300x300&set=set1,Male,2001-06-17,Lang Pass2001-06-1740333 Minh Mount
8325,Abel,abel.schaden@email.com,https://robohash.org/etquiamodi.png?size=300x300&set=set1,Polygender,1972-01-19,Lemke Parkway1972-01-19704 Ebert Viaduct
1656,Juana,juana.lindgren@email.com,https://robohash.org/omnisquiquae.png?size=300x300&set=set1,Female,1983-06-21,Runolfsson Island1983-06-21329 Giuseppe Valley
1145,Sydney,sydney.fritsch@email.com,https://robohash.org/saepepariaturinventore.png?size=300x300&set=set1,Polygender,1983-07-21,Marisha Falls1983-07-214441 Amina Crescent
7546,Phillis,phillis.metz@email.com,https://robohash.org/doloremeumeos.png?size=300x300&set=set1,Non-binary,1967-01-25,D'Amore Brook1967-01-254754 Walker Station
5458,Gerard,gerard.abernathy@email.com,https://robohash.org/minussuscipitconsequatur.png?size=300x300&set=set1,Female,1967-09-08,Lind Village1967-09-0832363 Onie Extension
6246,Wade,wade.price@email.com,https://robohash.org/idrepudiandaequia.png?size=300x300&set=set1,Genderfluid,1999-06-17,Powlowski Parkways1999-06-172655 Runolfsson Extension
8592,Julissa,julissa.brown@email.com,https://robohash.org/suscipitmolestiaeet.png?size=300x300&set=set1,Genderqueer,1960-12-09,Lind Track1960-12-0943877 Larkin Lock
7417,Oralia,oralia.schiller@email.com,https://robohash.org/doloribusquirepellendus.png?size=300x300&set=set1,Non-binary,1982-10-26,Roberts Mountain1982-10-267079 Tory Station
8285,Coleman,coleman.windler@email.com,https://robohash.org/estessealiquid.png?size=300x300&set=set1,Bigender,1978-10-22,Refugio Isle1978-10-221180 McDermott Ferry
7266,Marget,marget.lueilwitz@email.com,https://robohash.org/illoablaudantium.png?size=300x300&set=set1,Female,1968-01-11,Nida Bridge1968-01-1151078 Bradtke Groves
4269,Meridith,meridith.osinski@email.com,https://robohash.org/quisipsaautem.png?size=300x300&set=set1,Agender,1976-06-10,Larson Flat1976-06-10133 Jere Station
4934,Patrica,patrica.d'amore@email.com,https://robohash.org/utdoloremquesimilique.png?size=300x300&set=set1,Non-binary,1977-11-19,Jodi Viaduct1977-11-19985 Kylie Manor
3713,Vanessa,vanessa.nienow@email.com,https://robohash.org/utdelectusdolore.png?size=300x300&set=set1,Male,1985-10-24,Valarie Plaza1985-10-2430246 Moore Stravenue
1470,Duncan,duncan.bartell@email.com,https://robohash.org/architectoodionobis.png?size=300x300&set=set1,Genderqueer,1992-06-14,O'Reilly Lock1992-06-149058 Stroman Knoll
3812,Lesley,lesley.towne@email.com,https://robohash.org/quieiusnatus.png?size=300x300&set=set1,Genderfluid,1986-10-27,Rana Underpass1986-10-2779984 Eldon Lock
6093,Jennefer,jennefer.blanda@email.com,https://robohash.org/essenatusrerum.png?size=300x300&set=set1,Non-binary,2001-07-09,Rosella Circle2001-07-0947104 Lenna Creek
7195,Lloyd,lloyd.mosciski@email.com,https://robohash.org/praesentiumquiavero.png?size=300x300&set=set1,Female,1996-02-08,Bashirian Mount1996-02-088370 Yong Harbors
4622,Ardelia,ardelia.o'hara@email.com,https://robohash.org/inventoretotamveniam.png?size=300x300&set=set1,Genderfluid,1997-03-14,Gracie Route1997-03-1447416 Gusikowski Mews
3406,Anderson,anderson.rowe@email.com,https://robohash.org/doloreverodolores.png?size=300x300&set=set1,Male,1960-06-06,Nigel Crescent1960-06-067732 Wilbur Rapids
1780,Leif,leif.tillman@email.com,https://robohash.org/officianostrummagnam.png?size=300x300&set=set1,Non-binary,1992-09-17,Isaias Canyon1992-09-1715951 Edmond Bridge
4305,Brande,brande.treutel@email.com,https://robohash.org/doloremmolestiaecumque.png?size=300x300&set=set1,Male,1975-10-18,Tiffaney Bridge1975-10-1884340 Fritsch Hollow
2537,Heath,heath.wisozk@email.com,https://robohash.org/fugiatsedmolestias.png?size=300x300&set=set1,Polygender,1970-04-09,Walsh Path1970-04-094971 Virgil Rue
5782,Bo,bo.durgan@email.com,https://robohash.org/excepturiharumillum.png?size=300x300&set=set1,Bigender,1973-03-01,Jolynn Mill1973-03-0182495 Bergnaum Pike
3926,Lauren,lauren.barton@email.com,https://robohash.org/eaeligendisaepe.png?size=300x300&set=set1,Female,1976-06-16,Davis Springs1976-06-1624346 Clemente Junctions
4460,Leif,leif.hammes@email.com,https://robohash.org/consequaturautemcommodi.png?size=300x300&set=set1,Genderfluid,1979-04-27,Arica Mountains1979-04-274552 Stasia Flat
8934,Aurore,aurore.johnston@email.com,https://robohash.org/nonfacilisin.png?size=300x300&set=set1,Male,1971-08-07,Junior Points1971-08-07152 Delila Brooks
3817,Andre,andre.lehner@email.com,https://robohash.org/rerumundebeatae.png?size=300x300&set=set1,Non-binary,1975-06-30,Eddie Vista1975-06-301308 Teddy Parkway
8978,Claude,claude.gulgowski@email.com,https://robohash.org/ducimusidiste.png?size=300x300&set=set1,Non-binary,1964-04-24,Leffler Pine1964-04-248018 Reichert Corners
5185,Leoma,leoma.rohan@email.com,https://robohash.org/voluptasoditomnis.png?size=300x300&set=set1,Female,1976-11-23,Bahringer Place1976-11-23786 Renaldo Crossing
4623,Yoshiko,yoshiko.mcdermott@email.com,https://robohash.org/aliquidconsequaturiusto.png?size=300x300&set=set1,Polygender,1958-09-18,Amira Neck1958-09-188156 Colette Throughway
8170,Luis,luis.stamm@email.com,https://robohash.org/nonconsequaturnulla.png?size=300x300&set=set1,Female,1983-01-24,Temika Underpass1983-01-2481826 Candis Rest
7177,Angel,angel.buckridge@email.com,https://robohash.org/consequaturquiaex.png?size=300x300&set=set1,Polygender,1995-01-07,Feil Forks1995-01-0739697 Blanda Lodge
6607,Tonie,tonie.maggio@email.com,https://robohash.org/consequaturodiodoloribus.png?size=300x300&set=set1,Male,1990-08-05,Miller Light1990-08-055346 Emmanuel Crossing
6903,Lora,lora.fisher@email.com,https://robohash.org/blanditiisinrecusandae.png?size=300x300&set=set1,Non-binary,1960-04-03,Gerhold Skyway1960-04-039222 Hannelore Mill
9766,King,king.littel@email.com,https://robohash.org/consecteturconsequaturmollitia.png?size=300x300&set=set1,Female,1961-06-25,Baumbach Lights1961-06-25653 Genaro Forges
1227,Taisha,taisha.douglas@email.com,https://robohash.org/doloresvoluptatemdolor.png?size=300x300&set=set1,Agender,1986-11-21,Nestor Parkway1986-11-212639 Roberts Well
4168,Keven,keven.sipes@email.com,https://robohash.org/nihilfugitlaudantium.png?size=300x300&set=set1,Genderfluid,1984-02-20,Rhoda Common1984-02-201417 Hane Prairie
4924,Jill,jill.bogan@email.com,https://robohash.org/etfugitaperiam.png?size=300x300&set=set1,Polygender,1998-07-21,Swift Wells1998-07-2151305 Kari Meadows
2013,Verdell,verdell.beer@email.com,https://robohash.org/voluptasanimiiusto.png?size=300x300&set=set1,Bigender,1978-12-29,Ernestina Path1978-12-2969573 Marvin Mountains
8114,Reggie,reggie.tromp@email.com,https://robohash.org/evenietrepellateaque.png?size=300x300&set=set1,Polygender,1973-05-12,Hand Station1973-05-12208 Blanda Mills
3701,Linnea,linnea.gislason@email.com,https://robohash.org/eteligendinostrum.png?size=300x300&set=set1,Non-binary,1994-02-06,Boyer Viaduct1994-02-062900 Runolfsdottir Lake
93,Denis,denis.koelpin@email.com,https://robohash.org/fugiatetanimi.png?size=300x300&set=set1,Male,1959-05-09,Wilfred Greens1959-05-09339 Ike Lane
8318,Clair,clair.jast@email.com,https://robohash.org/nostrumnihilat.png?size=300x300&set=set1,Male,1999-11-09,Kohler Summit1999-11-0963640 Bode Ways
8918,Charlsie,charlsie.monahan@email.com,https://robohash.org/reiciendissedquod.png?size=300x300&set=set1,Polygender,1970-02-01,Bernie Point1970-02-01826 Borer Shore
5387,Juliane,juliane.hamill@email.com,https://robohash.org/omniseligendiaut.png?size=300x300&set=set1,Polygender,1975-03-21,Cruickshank Forges1975-03-217084 Santo Via
2830,Buck,buck.o'conner@email.com,https://robohash.org/utconsecteturalias.png?size=300x300&set=set1,Genderqueer,1980-05-04,West Roads1980-05-044228 Ray Summit
6417,Tobias,tobias.conroy@email.com,https://robohash.org/veritatisprovidentet.png?size=300x300&set=set1,Non-binary,1979-06-10,Roscoe Branch1979-06-105967 Murray Tunnel
273,Katelyn,katelyn.upton@email.com,https://robohash.org/voluptatemvelitofficiis.png?size=300x300&set=set1,Polygender,1970-05-06,Wilkinson Via1970-05-064578 Lehner Lock
9104,Svetlana,svetlana.will@email.com,https://robohash.org/vitaequaeratesse.png?size=300x300&set=set1,Bigender,1998-05-24,Runolfsdottir Common1998-05-24258 Torp Way
209,Mitchell,mitchell.skiles@email.com,https://robohash.org/eainciduntvoluptas.png?size=300x300&set=set1,Male,1969-09-27,Abshire Park1969-09-277681 Sherry Road
6413,Ian,ian.schaefer@email.com,https://robohash.org/quiiddolorum.png?size=300x300&set=set1,Polygender,1977-02-09,Medhurst Parks1977-02-09675 Lakin Key
2296,Ferdinand,ferdinand.gerhold@email.com,https://robohash.org/facilisutomnis.png?size=300x300&set=set1,Male,1997-01-14,Randal View1997-01-144662 Pfeffer Island
4739,Sung,sung.will@email.com,https://robohash.org/vitaeexet.png?size=300x300&set=set1,Male,1967-02-02,Satterfield Bypass1967-02-02869 Zboncak Divide
8926,Aldo,aldo.kshlerin@email.com,https://robohash.org/sitbeataepraesentium.png?size=300x300&set=set1,Male,1998-12-17,Batz Corners1998-12-172080 Mindy Roads
2367,Walter,walter.waters@email.com,https://robohash.org/voluptatumessetemporibus.png?size=300x300&set=set1,Male,1967-08-27,Monahan Mission1967-08-2755646 Anamaria Circle
1994,Marty,marty.haag@email.com,https://robohash.org/reiciendisautnisi.png?size=300x300&set=set1,Non-binary,1993-07-08,Denise View1993-07-081584 Elfriede Curve
38,Nu,nu.mante@email.com,https://robohash.org/abrepellataccusamus.png?size=300x300&set=set1,Polygender,1964-04-20,William Forest1964-04-2095560 Raleigh Stravenue
731,Tawny,tawny.cronin@email.com,https://robohash.org/iustopariaturut.png?size=300x300&set=set1,Genderqueer,2003-06-24,Sporer Estate2003-06-24449 Winona Freeway
3940,Peter,peter.koss@email.com,https://robohash.org/eaautemvoluptatibus.png?size=300x300&set=set1,Male,1964-07-25,Wilbur Port1964-07-25330 Morissette Village
1975,Xavier,xavier.blick@email.com,https://robohash.org/nesciuntexcepturiquasi.png?size=300x300&set=set1,Bigender,1960-01-07,McKenzie Mews1960-01-07423 Orlando Island
7574,Tennille,tennille.beer@email.com,https://robohash.org/utiustosed.png?size=300x300&set=set1,Non-binary,2002-01-27,Dickens Mission2002-01-273094 Hilpert Prairie
594,Ronny,ronny.toy@email.com,https://robohash.org/rationeutea.png?size=300x300&set=set1,Non-binary,1972-09-03,Madie Stream1972-09-031491 Langosh Corner
2826,Devon,devon.dicki@email.com,https://robohash.org/nihilinmaxime.png?size=300x300&set=set1,Bigender,1961-04-28,Ellsworth Circles1961-04-28811 Pfannerstill Loaf
3096,Emelia,emelia.brakus@email.com,https://robohash.org/nemodoloremaut.png?size=300x300&set=set1,Non-binary,1999-07-24,D'Amore Common1999-07-2445575 Medhurst Run
3441,Kenton,kenton.boehm@email.com,https://robohash.org/dolordoloremdolorem.png?size=300x300&set=set1,Male,1976-12-14,Hilpert Radial1976-12-145709 Pablo Heights
8833,Tomeka,tomeka.kuhn@email.com,https://robohash.org/accusantiumexcepturidistinctio.png?size=300x300&set=set1,Polygender,1961-12-20,Rhett Path1961-12-206371 Ryan Island
7351,Lavonne,lavonne.cartwright@email.com,https://robohash.org/saepelaudantiumest.png?size=300x300&set=set1,Genderqueer,1989-12-23,Jerde Squares1989-12-23178 Latarsha Inlet
3077,Matthew,matthew.braun@email.com,https://robohash.org/voluptatemexercitationemaut.png?size=300x300&set=set1,Female,2002-05-17,Klein Branch2002-05-1733203 Garfield Manor
2012,Irving,irving.corwin@email.com,https://robohash.org/doloresquisquameligendi.png?size=300x300&set=set1,Female,1966-08-10,Von Courts1966-08-108040 Tyler Road
6372,Alejandro,alejandro.kuhlman@email.com,https://robohash.org/inciduntmolestiaedistinctio.png?size=300x300&set=set1,Polygender,1970-07-04,Loree Knolls1970-07-04467 Koepp Hollow
5039,Isiah,isiah.casper@email.com,https://robohash.org/etquiaarchitecto.png?size=300x300&set=set1,Polygender,1980-08-02,Becker Bridge1980-08-02638 Bergnaum Road
3376,Roy,roy.gerlach@email.com,https://robohash.org/porrosintest.png?size=300x300&set=set1,Male,1976-03-15,Clinton Spurs1976-03-15178 Schaefer Coves
